{"stats":{"minecraft:used":{"minecraft:stone_sword":62,"minecraft:iron_shovel":52,"minecraft:chest":3,"minecraft:spruce_planks":126,"minecraft:iron_sword":73,"minecraft:cooked_salmon":9,"minecraft:rotten_flesh":11,"minecraft:stone_hoe":19,"minecraft:iron_chestplate":1,"minecraft:torch":23,"minecraft:dirt":4,"mowziesmobs:lantern_spawn_egg":1,"farmersdelight:beef_patty":13,"minecraft:spruce_boat":14,"minecraft:wooden_axe":56,"minecraft:iron_axe":511,"minecraft:grass_block":1,"minecraft:iron_helmet":1,"minecraft:bow":37,"minecraft:furnace":2,"minecraft:potato":21,"minecraft:iron_leggings":1,"minecraft:cooked_mutton":3,"minecraft:diorite":88,"minecraft:birch_planks":6,"minecraft:baked_potato":5,"minecraft:stone_pickaxe":261,"minecraft:cartography_table":2,"minecraft:sugar_cane":69,"minecraft:wooden_pickaxe":13,"minecraft:composter":7,"minecraft:cherry_planks":3,"minecraft:blue_bed":3,"minecraft:fletching_table":6,"minecraft:blast_furnace":1,"minecraft:crafting_table":12,"sophisticatedbackpacks:backpack":1,"minecraft:bread":25,"minecraft:iron_pickaxe":96,"minecraft:gravel":38,"minecraft:stone_axe":129,"minecraft:purple_bed":6,"minecraft:cobblestone":61,"minecraft:cooked_porkchop":2,"minecraft:bucket":1,"minecraft:cobweb":5},"minecraft:broken":{"minecraft:stone_pickaxe":2,"minecraft:iron_axe":1,"minecraft:stone_axe":1,"minecraft:wooden_axe":1},"minecraft:dropped":{"minecraft:iron_ingot":72,"minecraft:stone_hoe":1,"minecraft:spruce_sign":1,"minecraft:bread":1,"minecraft:iron_sword":1,"minecraft:brown_mushroom":3,"minecraft:smithing_table":1,"minecraft:crafting_table":2,"minecraft:iron_helmet":1,"minecraft:cobblestone":2,"minecraft:leather":3,"minecraft:spruce_door":2,"farmersdelight:rice":4,"soulsweapons:holy_greatsword":1,"farmersdelight:beef_patty":11,"minecraft:stick":21,"minecraft:gray_wool":1,"minecraft:diorite":34,"minecraft:torch":28,"minecraft:large_fern":1,"minecraft:cherry_planks":8,"minecraft:string":2,"minecraft:blue_bed":4,"minecraft:spruce_sapling":9,"minecraft:smooth_basalt":15,"minecraft:gravel":4,"minecraft:sweet_berries":8,"minecraft:iron_nugget":1,"farmersdelight:cabbage_seeds":8,"minecraft:rotten_flesh":2,"minecraft:oak_planks":1,"minecraft:cooked_mutton":1,"minecraft:totem_of_undying":4,"minecraft:pumpkin_seeds":11,"minecraft:potato":1,"minecraft:spruce_boat":3,"minecraft:gunpowder":1,"minecraft:bamboo":12,"minecraft:arrow":64,"minecraft:wooden_pickaxe":1,"minecraft:calcite":2,"minecraft:cartography_table":1},"minecraft:picked_up":{"minecraft:crafting_table":10,"minecraft:wheat":15,"minecraft:smithing_table":1,"minecraft:brown_mushroom":4,"minecraft:string":7,"minecraft:raw_copper":41,"minecraft:large_fern":2,"farmersdelight:beef_patty":7,"minecraft:cartography_table":4,"minecraft:spruce_planks":56,"minecraft:beef":6,"minecraft:calcite":2,"minecraft:iron_nugget":2,"minecraft:sugar_cane":155,"minecraft:chest":1,"minecraft:birch_sapling":12,"minecraft:spruce_trapdoor":4,"farmersdelight:cabbage_seeds":8,"minecraft:stick":151,"minecraft:raw_iron":31,"minecraft:composter":7,"minecraft:torch":36,"minecraft:spruce_stairs":4,"sophisticatedbackpacks:backpack":2,"minecraft:porkchop":5,"minecraft:cherry_log":19,"minecraft:diorite":122,"minecraft:cauldron":2,"minecraft:rotten_flesh":8,"minecraft:totem_of_undying":1,"minecraft:mutton":4,"minecraft:cobblestone":126,"minecraft:birch_log":42,"minecraft:cherry_planks":8,"minecraft:salmon":1,"minecraft:leather":9,"minecraft:potato":28,"minecraft:flint":7,"minecraft:oak_log":10,"minecraft:gunpowder":3,"minecraft:dirt":10,"minecraft:blue_bed":9,"minecraft:bone":12,"minecraft:wheat_seeds":35,"minecraft:iron_ingot":7,"minecraft:grindstone":1,"minecraft:fletching_table":3,"minecraft:bamboo":24,"minecraft:stone_hoe":1,"minecraft:iron_sword":1,"minecraft:smooth_basalt":15,"soulsweapons:holy_greatsword":1,"minecraft:pumpkin":13,"minecraft:sweet_berries":9,"minecraft:gravel":57,"minecraft:spruce_sapling":142,"minecraft:blast_furnace":1,"minecraft:ink_sac":1,"minecraft:grass_block":1,"minecraft:spruce_log":369,"minecraft:spruce_door":4,"minecraft:spider_eye":2,"minecraft:mossy_cobblestone":1,"minecraft:pumpkin_seeds":13,"minecraft:purple_bed":8,"minecraft:spruce_boat":14,"minecraft:iron_helmet":1,"minecraft:cherry_sapling":11,"minecraft:gray_wool":1,"soulsweapons:verglas":1,"minecraft:spruce_sign":1,"minecraft:emerald":1,"minecraft:baked_potato":4,"minecraft:oak_sapling":2,"minecraft:coal":96},"minecraft:mined":{"minecraft:tuff":2,"minecraft:spruce_planks":57,"minecraft:mossy_cobblestone":1,"minecraft:cherry_log":19,"minecraft:spruce_trapdoor":4,"minecraft:grass_block":10,"minecraft:spruce_leaves":92,"minecraft:composter":7,"minecraft:cartography_table":3,"minecraft:large_fern":3,"minecraft:furnace":1,"minecraft:iron_ore":15,"minecraft:snow":9,"minecraft:pumpkin":13,"minecraft:fletching_table":3,"minecraft:potatoes":6,"minecraft:dirt_path":1,"minecraft:water_cauldron":2,"minecraft:deepslate_iron_ore":15,"minecraft:bamboo":3,"minecraft:stone":65,"sophisticatedbackpacks:backpack":1,"minecraft:smithing_table":1,"minecraft:brown_mushroom":3,"minecraft:snow_block":30,"minecraft:spruce_door":4,"minecraft:powder_snow":3,"minecraft:crafting_table":11,"minecraft:emerald_ore":1,"minecraft:calcite":2,"minecraft:chest":1,"supplementaries:wild_flax":1,"minecraft:copper_ore":11,"minecraft:tall_grass":13,"minecraft:cobblestone":59,"graveyard:lying_skeleton":1,"minecraft:sugar_cane":135,"minecraft:grindstone":1,"minecraft:blue_bed":8,"minecraft:diorite":124,"minecraft:wall_torch":5,"minecraft:spruce_stairs":4,"minecraft:purple_bed":7,"minecraft:coarse_dirt":1,"minecraft:birch_log":42,"minecraft:wheat":14,"minecraft:sweet_berry_bush":4,"minecraft:spruce_log":392,"minecraft:birch_leaves":15,"minecraft:grass":18,"minecraft:oak_log":11,"minecraft:coal_ore":55,"minecraft:gravel":65,"graveyard:leaning_skeleton":1,"minecraft:dirt":6,"minecraft:cobweb":5,"minecraft:smooth_basalt":5,"minecraft:fern":2,"soulsweapons:verglas_ore":1},"minecraft:killed":{"dedsafio_3:esquelo_dog":1,"minecraft:spider":4,"dedsafio_3:rana_gigante":2,"minecraft:skeleton":2,"minecraft:horse":2,"realmrpg_demons:chort":1,"minecraft:drowned":2,"minecraft:cat":1,"dedsafio_3:sapo":1,"minecraft:pig":2,"minecraft:salmon":1,"creeperoverhaul:spruce_creeper":1,"minecraft:creeper":2,"minecraft:squid":1,"minecraft:sheep":2,"minecraft:zombie":2,"minecraft:donkey":2,"endofherobrine:cow":2,"dedsafio_3:creeper_cake":3,"minecraft:enderman":1,"minecraft:cow":3},"minecraft:crafted":{"minecraft:cherry_planks":76,"minecraft:oak_planks":40,"minecraft:furnace":2,"minecraft:cooked_mutton":4,"minecraft:iron_axe":2,"minecraft:stone_pickaxe":2,"minecraft:chest":3,"minecraft:spruce_boat":5,"minecraft:stone_hoe":1,"minecraft:emerald":96,"minecraft:arrow":128,"sophisticatedbackpacks:backpack":1,"minecraft:cooked_porkchop":2,"minecraft:crafting_table":5,"minecraft:spruce_planks":1473,"minecraft:baked_potato":1,"minecraft:wooden_pickaxe":1,"minecraft:iron_sword":1,"immersive_melodies:lute":1,"minecraft:cooked_salmon":9,"minecraft:copper_ingot":9,"minecraft:fletching_table":3,"minecraft:bucket":1,"minecraft:birch_planks":128,"minecraft:stone_axe":1,"minecraft:bread":96,"minecraft:air":0,"minecraft:paper":60,"minecraft:stick":3010,"minecraft:iron_ingot":42,"minecraft:iron_pickaxe":1,"minecraft:wooden_axe":1,"minecraft:stone_sword":1,"minecraft:iron_leggings":1,"minecraft:torch":32},"minecraft:custom":{"minecraft:interact_with_smithing_table":1,"minecraft:mob_kills":38,"minecraft:interact_with_crafting_table":53,"minecraft:bell_ring":16,"minecraft:damage_dealt_resisted":0,"minecraft:leave_game":6,"minecraft:time_since_death":274643,"minecraft:damage_resisted":0,"minecraft:climb_one_cm":1929,"minecraft:sprint_one_cm":594414,"minecraft:walk_one_cm":665060,"minecraft:drop":72,"minecraft:talked_to_villager":168,"minecraft:play_time":274643,"minecraft:sneak_time":7149,"minecraft:walk_under_water_one_cm":25973,"minecraft:boat_one_cm":147559,"minecraft:jump":4012,"minecraft:interact_with_blast_furnace":16,"minecraft:walk_on_water_one_cm":25559,"minecraft:total_world_time":274643,"minecraft:interact_with_furnace":44,"minecraft:traded_with_villager":121,"minecraft:interact_with_cartography_table":1,"minecraft:interact_with_grindstone":2,"minecraft:sleep_in_bed":13,"minecraft:time_since_rest":3169,"minecraft:damage_taken":2274,"minecraft:damage_dealt":6344,"minecraft:swim_one_cm":34075,"minecraft:fly_one_cm":639839,"minecraft:open_chest":64,"minecraft:crouch_one_cm":18606,"minecraft:fall_one_cm":91312}},"DataVersion":3465}