{"stats":{"minecraft:used":{"minecraft:stone_sword":12,"soulsweapons:silver_sword":10,"minecraft:spruce_planks":8,"minecraft:shield":7,"minecraft:iron_sword":11,"minecraft:cooked_salmon":9,"minecraft:rotten_flesh":5,"minecraft:cooked_chicken":1,"farmersdelight:beef_patty":4,"minecraft:spruce_boat":2,"minecraft:totem_of_undying":1,"minecraft:bow":12,"minecraft:sweet_berries":12,"minecraft:furnace":5,"minecraft:cooked_beef":1,"minecraft:pumpkin":1,"minecraft:cooked_mutton":5,"farmersdelight:iron_knife":52,"minecraft:diorite":75,"minecraft:spruce_door":13,"minecraft:stone_pickaxe":128,"minecraft:wooden_pickaxe":6,"minecraft:blue_bed":4,"minecraft:salmon":1,"minecraft:crafting_table":14,"minecraft:blast_furnace":2,"minecraft:spruce_log":2,"sophisticatedbackpacks:backpack":1,"soulsweapons:holy_greatsword":100,"minecraft:bread":7,"minecraft:iron_pickaxe":136,"minecraft:stone_axe":183,"minecraft:cobblestone":5,"minecraft:purple_bed":4,"minecraft:grindstone":1,"minecraft:white_banner":1,"minecraft:cooked_porkchop":9},"minecraft:broken":{"minecraft:stone_pickaxe":1,"minecraft:stone_axe":1,"aether:leather_gloves":1},"minecraft:dropped":{"minecraft:stone_hoe":1,"minecraft:iron_ingot":7,"minecraft:iron_sword":1,"minecraft:wheat_seeds":2,"minecraft:baked_potato":4,"minecraft:cooked_porkchop":1,"minecraft:iron_helmet":1,"farmersdelight:beef_patty":11,"soulsweapons:holy_greatsword":1,"minecraft:dirt":3,"minecraft:torch":2,"minecraft:white_banner":1,"minecraft:spruce_sapling":24,"minecraft:bone":1,"minecraft:stone_slab":2,"minecraft:pumpkin_seeds":8,"minecraft:gunpowder":1,"soulsweapons:verglas":1,"minecraft:oak_sapling":1,"minecraft:slime_ball":2,"minecraft:wooden_pickaxe":2},"minecraft:picked_up":{"minecraft:crafting_table":13,"minecraft:chicken":1,"minecraft:stone_slab":2,"minecraft:wooden_pickaxe":1,"soulsweapons:moonstone":6,"minecraft:shield":1,"minecraft:cornflower":1,"minecraft:string":8,"minecraft:cooked_salmon":8,"minecraft:iron_leggings":1,"farmersdelight:beef_patty":15,"minecraft:spruce_planks":16,"minecraft:beef":1,"farmersdelight:straw":5,"minecraft:poppy":4,"minecraft:light_gray_wool":1,"minecraft:birch_sapling":6,"minecraft:furnace":3,"minecraft:stick":42,"minecraft:raw_iron":39,"minecraft:copper_ingot":2,"minecraft:torch":2,"sophisticatedbackpacks:backpack":1,"minecraft:porkchop":9,"minecraft:cherry_log":29,"minecraft:diorite":89,"minecraft:redstone":56,"minecraft:arrow":71,"minecraft:rotten_flesh":13,"minecraft:totem_of_undying":5,"minecraft:mutton":4,"minecraft:oxeye_daisy":2,"minecraft:white_wool":2,"minecraft:cobblestone":47,"minecraft:birch_log":20,"minecraft:nautilus_shell":2,"minecraft:leather_chestplate":1,"minecraft:salmon":33,"minecraft:leather":7,"minecraft:potato":7,"minecraft:tuff":3,"supplementaries:flax_seeds":1,"minecraft:gunpowder":1,"minecraft:lapis_lazuli":13,"minecraft:dirt":5,"minecraft:blue_bed":5,"minecraft:white_banner":2,"minecraft:cooked_mutton":1,"minecraft:bone":5,"minecraft:bow":3,"minecraft:wheat_seeds":2,"minecraft:grindstone":3,"minecraft:iron_ingot":72,"minecraft:iron_sword":1,"minecraft:stone_hoe":1,"soulsweapons:holy_greatsword":1,"minecraft:cooked_porkchop":2,"minecraft:pumpkin":1,"minecraft:sweet_berries":8,"minecraft:dandelion":8,"minecraft:gravel":4,"minecraft:spruce_sapling":43,"minecraft:blast_furnace":2,"minecraft:ink_sac":3,"minecraft:spruce_log":99,"minecraft:spruce_door":13,"farmersdelight:ham":2,"minecraft:spider_eye":1,"minecraft:pumpkin_seeds":8,"minecraft:purple_bed":4,"minecraft:slime_ball":3,"minecraft:spruce_boat":4,"minecraft:iron_helmet":1,"minecraft:bone_meal":1,"minecraft:cherry_sapling":21,"soulsweapons:verglas":1,"minecraft:bread":1,"minecraft:emerald":1,"minecraft:oak_sapling":1,"minecraft:coal":74},"minecraft:mined":{"minecraft:tuff":2,"minecraft:spruce_planks":1,"minecraft:cherry_log":29,"minecraft:grass_block":3,"minecraft:spruce_leaves":28,"minecraft:oxeye_daisy":2,"minecraft:large_fern":2,"minecraft:redstone_ore":2,"minecraft:furnace":3,"minecraft:iron_ore":16,"minecraft:pumpkin":1,"minecraft:deepslate_lapis_ore":2,"soulsweapons:moonstone_ore_deepslate":3,"minecraft:deepslate_iron_ore":24,"minecraft:stone":36,"minecraft:deepslate_redstone_ore":4,"minecraft:spruce_door":13,"minecraft:dandelion":8,"minecraft:powder_snow":3,"minecraft:cornflower":1,"minecraft:crafting_table":11,"minecraft:torch":1,"minecraft:blast_furnace":3,"minecraft:poppy":4,"supplementaries:wild_flax":1,"minecraft:stone_slab":2,"minecraft:tall_grass":21,"minecraft:cobblestone":7,"minecraft:grindstone":2,"minecraft:diorite":77,"minecraft:blue_bed":4,"minecraft:wall_torch":1,"minecraft:purple_bed":5,"minecraft:birch_log":20,"minecraft:birch_leaves":7,"minecraft:spruce_log":100,"minecraft:grass":24,"minecraft:coal_ore":73,"minecraft:gravel":1,"minecraft:dirt":1,"minecraft:deepslate_emerald_ore":1,"minecraft:oak_leaves":6,"soulsweapons:verglas_ore":1},"minecraft:killed":{"minecraft:spider":3,"minecraft:skeleton":1,"minecraft:horse":2,"minecraft:chicken":1,"minecraft:drowned":13,"dedsafio_3:sapo":1,"minecraft:pig":4,"minecraft:salmon":31,"minecraft:squid":1,"minecraft:sheep":3,"dedsafio_3:creeper_cake":2,"minecraft:cow":1},"minecraft:crafted":{"minecraft:cherry_planks":116,"minecraft:black_dye":1,"minecraft:cooked_chicken":1,"immersive_melodies:trumpet":1,"minecraft:furnace":2,"soulsweapons:holy_greatsword":1,"aether:leather_gloves":1,"minecraft:cooked_mutton":4,"minecraft:stone_pickaxe":1,"minecraft:chest":1,"minecraft:cooked_beef":1,"minecraft:red_dye":2,"soulsweapons:bluemoon_shortsword":1,"sophisticatedbackpacks:backpack":2,"minecraft:emerald":28,"minecraft:cooked_porkchop":8,"minecraft:crafting_table":1,"minecraft:spruce_planks":396,"farmersdelight:iron_knife":1,"minecraft:wooden_pickaxe":1,"minecraft:baked_potato":8,"minecraft:iron_sword":1,"minecraft:spruce_door":3,"minecraft:cooked_salmon":15,"minecraft:copper_ingot":32,"minecraft:stone_axe":2,"minecraft:air":0,"minecraft:shield":1,"minecraft:stick":880,"minecraft:iron_ingot":24,"minecraft:leather_chestplate":1,"minecraft:iron_pickaxe":1,"minecraft:stone_sword":1,"minecraft:iron_leggings":1},"minecraft:custom":{"minecraft:mob_kills":63,"minecraft:interact_with_crafting_table":46,"minecraft:interact_with_campfire":1,"minecraft:bell_ring":6,"minecraft:damage_dealt_resisted":0,"minecraft:leave_game":4,"minecraft:time_since_death":20591,"minecraft:climb_one_cm":2085,"minecraft:damage_resisted":0,"minecraft:sprint_one_cm":563498,"minecraft:walk_one_cm":575433,"minecraft:damage_blocked_by_shield":235,"minecraft:drop":34,"minecraft:talked_to_villager":37,"minecraft:play_time":230224,"minecraft:deaths":1,"minecraft:sneak_time":2832,"minecraft:walk_under_water_one_cm":121246,"minecraft:boat_one_cm":8550,"minecraft:jump":2934,"minecraft:interact_with_blast_furnace":14,"minecraft:walk_on_water_one_cm":39291,"minecraft:total_world_time":230224,"minecraft:interact_with_furnace":47,"minecraft:traded_with_villager":28,"minecraft:interact_with_cartography_table":3,"minecraft:interact_with_grindstone":1,"minecraft:sleep_in_bed":8,"minecraft:time_since_rest":20622,"minecraft:damage_taken":2320,"minecraft:damage_absorbed":80,"minecraft:damage_dealt":6130,"minecraft:swim_one_cm":339021,"minecraft:fly_one_cm":370271,"minecraft:open_chest":40,"minecraft:crouch_one_cm":5810,"minecraft:fall_one_cm":73136}},"DataVersion":3465}